year,month,carrier,carrier_name,airport,airport_name,arr_flights,arr_del15,carrier_ct,weather_ct,nas_ct,security_ct,late_aircraft_ct,arr_cancelled,arr_diverted,arr_delay,carrier_delay,weather_delay,nas_delay,security_delay,late_aircraft_delay
2024,12,NK,Spirit Airlines,DFW,"Dallas/Fort Worth, TX: Dallas/Fort Worth International",772.00,198.00,39.50,0.90,106.02,0.10,51.48,3.00,6.00,15638.00,3593.00,70.00,7563.00,12.00,4400.00
2024,12,OH,PSA Airlines Inc.,DFW,"Dallas/Fort Worth, TX: Dallas/Fort Worth International",932.00,257.00,71.24,20.26,70.47,0.00,95.03,23.00,4.00,27154.00,7016.00,2876.00,3950.00,0.00,13312.00
2024,12,OO,SkyWest Airlines Inc.,DFW,"Dallas/Fort Worth, TX: Dallas/Fort Worth International",2453.00,581.00,333.97,93.64,81.42,3.00,68.97,99.00,18.00,60805.00,35475.00,14531.00,6425.00,173.00,4201.00
2024,12,UA,United Air Lines Network,DFW,"Dallas/Fort Worth, TX: Dallas/Fort Worth International",691.00,129.00,46.72,5.53,40.79,0.00,35.95,2.00,6.00,8457.00,2769.00,406.00,2427.00,0.00,2855.00
2024,12,YV,Mesa Airlines Inc.,DFW,"Dallas/Fort Worth, TX: Dallas/Fort Worth International",144.00,29.00,9.17,5.04,9.39,0.00,5.40,2.00,0.00,3173.00,578.00,1188.00,780.00,0.00,627.00
2024,12,YX,Republic Airline,DFW,"Dallas/Fort Worth, TX: Dallas/Fort Worth International",3.00,0.00,0.00,0.00,0.00,0.00,0.00,0.00,0.00,0.00,0.00,0.00,0.00,0.00,0.00
2024,12,9E,Endeavor Air Inc.,DFW,"Dallas/Fort Worth, TX: Dallas/Fort Worth International",2.00,2.00,0.00,0.00,1.55,0.00,0.45,0.00,0.00,152.00,0.00,0.00,132.00,0.00,20.00
2024,12,AA,American Airlines Network,DFW,"Dallas/Fort Worth, TX: Dallas/Fort Worth International",13622.00,3036.00,795.72,161.48,934.51,11.70,1132.58,346.00,149.00,303265.00,95737.00,26955.00,56245.00,411.00,123917.00
2024,12,AS,Alaska Airlines Network,DFW,"Dallas/Fort Worth, TX: Dallas/Fort Worth International",202.00,55.00,17.35,1.45,26.37,0.00,9.83,2.00,1.00,2203.00,520.00,67.00,1150.00,0.00,466.00
2024,12,B6,JetBlue Airways,DFW,"Dallas/Fort Worth, TX: Dallas/Fort Worth International",29.00,4.00,0.95,1.00,2.05,0.00,0.00,0.00,0.00,182.00,71.00,64.00,47.00,0.00,0.00
2024,12,DL,Delta Air Lines Network,DFW,"Dallas/Fort Worth, TX: Dallas/Fort Worth International",1012.00,249.00,110.01,2.86,76.79,0.00,59.34,1.00,13.00,16391.00,8505.00,154.00,3446.00,0.00,4286.00
2024,12,F9,Frontier Airlines,DFW,"Dallas/Fort Worth, TX: Dallas/Fort Worth International",729.00,228.00,35.33,1.89,81.03,0.00,109.75,2.00,6.00,18723.00,3441.00,310.00,5461.00,0.00,9511.00
2024,12,MQ,Envoy Air,DFW,"Dallas/Fort Worth, TX: Dallas/Fort Worth International",5370.00,1102.00,244.35,133.43,332.56,4.24,387.42,79.00,32.00,96036.00,16444.00,20437.00,21914.00,159.00,37082.00
2024,11,AA,American Airlines Network,DFW,"Dallas/Fort Worth, TX: Dallas/Fort Worth International",13090.00,2298.00,543.46,108.58,787.55,5.76,852.65,228.00,95.00,206051.00,67889.00,16176.00,36048.00,389.00,85549.00
2024,11,AS,Alaska Airlines Network,DFW,"Dallas/Fort Worth, TX: Dallas/Fort Worth International",197.00,63.00,8.76,0.89,44.64,0.00,8.71,3.00,1.00,2595.00,346.00,127.00,1849.00,0.00,273.00
2024,11,B6,JetBlue Airways,DFW,"Dallas/Fort Worth, TX: Dallas/Fort Worth International",30.00,3.00,0.03,0.00,2.60,0.00,0.37,0.00,1.00,92.00,1.00,0.00,80.00,0.00,11.00
2024,11,DL,Delta Air Lines Network,DFW,"Dallas/Fort Worth, TX: Dallas/Fort Worth International",1029.00,165.00,71.18,1.98,62.81,0.00,29.03,1.00,15.00,10583.00,5292.00,841.00,2814.00,0.00,1636.00
2024,11,F9,Frontier Airlines,DFW,"Dallas/Fort Worth, TX: Dallas/Fort Worth International",906.00,280.00,50.17,2.68,115.91,0.00,111.24,12.00,2.00,24982.00,5139.00,270.00,6725.00,0.00,12848.00
2024,11,MQ,Envoy Air,DFW,"Dallas/Fort Worth, TX: Dallas/Fort Worth International",5095.00,732.00,151.48,92.62,253.09,2.45,232.37,82.00,21.00,53942.00,11203.00,9440.00,14889.00,59.00,18351.00
2024,11,NK,Spirit Airlines,DFW,"Dallas/Fort Worth, TX: Dallas/Fort Worth International",778.00,152.00,48.09,0.45,76.63,1.15,25.67,7.00,5.00,9156.00,2783.00,39.00,4099.00,68.00,2167.00
2024,11,OH,PSA Airlines Inc.,DFW,"Dallas/Fort Worth, TX: Dallas/Fort Worth International",839.00,121.00,37.94,8.81,26.98,0.12,47.15,10.00,1.00,14893.00,6063.00,913.00,1578.00,25.00,6314.00
2024,11,OO,SkyWest Airlines Inc.,DFW,"Dallas/Fort Worth, TX: Dallas/Fort Worth International",2450.00,568.00,307.67,94.82,72.49,2.67,90.35,87.00,19.00,58874.00,32260.00,14722.00,6435.00,160.00,5297.00
2024,11,UA,United Air Lines Network,DFW,"Dallas/Fort Worth, TX: Dallas/Fort Worth International",771.00,149.00,37.50,3.73,69.64,0.00,38.13,2.00,8.00,10937.00,1793.00,345.00,4723.00,0.00,4076.00
2024,11,YV,Mesa Airlines Inc.,DFW,"Dallas/Fort Worth, TX: Dallas/Fort Worth International",134.00,21.00,7.61,0.92,7.47,0.00,5.00,1.00,0.00,1536.00,530.00,34.00,640.00,0.00,332.00
2024,10,OO,SkyWest Airlines Inc.,DFW,"Dallas/Fort Worth, TX: Dallas/Fort Worth International",2925.00,561.00,358.03,33.06,41.73,2.90,125.28,4.00,0.00,51112.00,35724.00,4202.00,2221.00,298.00,8667.00
2024,10,UA,United Air Lines Network,DFW,"Dallas/Fort Worth, TX: Dallas/Fort Worth International",787.00,105.00,40.02,0.00,29.71,0.00,35.27,0.00,1.00,6129.00,2539.00,0.00,784.00,0.00,2806.00
2024,10,YV,Mesa Airlines Inc.,DFW,"Dallas/Fort Worth, TX: Dallas/Fort Worth International",167.00,16.00,5.50,0.00,5.38,0.00,5.13,0.00,0.00,619.00,242.00,0.00,161.00,0.00,216.00
2024,10,YX,Republic Airline,DFW,"Dallas/Fort Worth, TX: Dallas/Fort Worth International",4.00,0.00,0.00,0.00,0.00,0.00,0.00,0.00,0.00,0.00,0.00,0.00,0.00,0.00,0.00
2024,10,AA,American Airlines Network,DFW,"Dallas/Fort Worth, TX: Dallas/Fort Worth International",14563.00,1923.00,600.50,22.04,494.59,7.60,798.26,69.00,8.00,163335.00,65621.00,3308.00,16766.00,290.00,77350.00
2024,10,AS,Alaska Airlines Network,DFW,"Dallas/Fort Worth, TX: Dallas/Fort Worth International",210.00,58.00,15.54,0.00,31.59,0.00,10.87,0.00,2.00,2257.00,719.00,0.00,1120.00,0.00,418.00
2024,10,B6,JetBlue Airways,DFW,"Dallas/Fort Worth, TX: Dallas/Fort Worth International",31.00,5.00,1.00,0.00,4.00,0.00,0.00,0.00,0.00,301.00,201.00,0.00,100.00,0.00,0.00
2024,10,DL,Delta Air Lines Network,DFW,"Dallas/Fort Worth, TX: Dallas/Fort Worth International",1084.00,112.00,58.59,1.51,30.57,0.00,21.32,0.00,1.00,6547.00,4105.00,50.00,1059.00,0.00,1333.00
2024,10,F9,Frontier Airlines,DFW,"Dallas/Fort Worth, TX: Dallas/Fort Worth International",962.00,273.00,60.01,2.79,73.46,0.00,136.74,23.00,0.00,19620.00,5676.00,251.00,2941.00,0.00,10752.00
2024,10,MQ,Envoy Air,DFW,"Dallas/Fort Worth, TX: Dallas/Fort Worth International",5923.00,514.00,161.45,7.58,143.66,1.96,199.36,0.00,1.00,31593.00,12267.00,471.00,5533.00,132.00,13190.00
2024,10,NK,Spirit Airlines,DFW,"Dallas/Fort Worth, TX: Dallas/Fort Worth International",814.00,117.00,33.29,1.16,49.32,0.41,32.82,8.00,0.00,6255.00,1784.00,19.00,2228.00,7.00,2217.00
2024,10,OH,PSA Airlines Inc.,DFW,"Dallas/Fort Worth, TX: Dallas/Fort Worth International",559.00,71.00,27.91,1.95,12.03,0.00,29.12,1.00,1.00,9382.00,3904.00,64.00,391.00,0.00,5023.00
2024,9,AA,American Airlines Network,DFW,"Dallas/Fort Worth, TX: Dallas/Fort Worth International",13353.00,2331.00,641.11,66.67,668.14,5.68,949.40,38.00,20.00,170350.00,65091.00,3416.00,22037.00,231.00,79575.00
2024,9,AS,Alaska Airlines Network,DFW,"Dallas/Fort Worth, TX: Dallas/Fort Worth International",235.00,79.00,17.29,0.00,46.60,0.65,14.45,1.00,1.00,3177.00,852.00,0.00,1783.00,28.00,514.00
2024,9,B6,JetBlue Airways,DFW,"Dallas/Fort Worth, TX: Dallas/Fort Worth International",30.00,10.00,5.44,0.00,4.36,0.00,0.20,0.00,0.00,692.00,578.00,0.00,97.00,0.00,17.00
2024,9,DL,Delta Air Lines Network,DFW,"Dallas/Fort Worth, TX: Dallas/Fort Worth International",1044.00,162.00,65.20,3.69,58.57,0.00,34.54,0.00,0.00,8626.00,4501.00,215.00,1880.00,0.00,2030.00
2024,9,F9,Frontier Airlines,DFW,"Dallas/Fort Worth, TX: Dallas/Fort Worth International",949.00,340.00,66.05,1.55,137.21,0.00,135.18,6.00,2.00,18325.00,5167.00,66.00,4951.00,0.00,8141.00
2024,9,MQ,Envoy Air,DFW,"Dallas/Fort Worth, TX: Dallas/Fort Worth International",5693.00,871.00,177.21,34.38,315.78,0.98,342.65,19.00,1.00,46620.00,13576.00,1943.00,10307.00,29.00,20765.00
2024,9,NK,Spirit Airlines,DFW,"Dallas/Fort Worth, TX: Dallas/Fort Worth International",842.00,164.00,37.48,5.56,89.90,2.98,28.08,6.00,0.00,10441.00,2833.00,502.00,4258.00,152.00,2696.00
2024,9,OH,PSA Airlines Inc.,DFW,"Dallas/Fort Worth, TX: Dallas/Fort Worth International",706.00,144.00,40.24,6.14,39.51,0.46,57.65,9.00,1.00,13664.00,5885.00,261.00,1451.00,55.00,6012.00
2024,9,OO,SkyWest Airlines Inc.,DFW,"Dallas/Fort Worth, TX: Dallas/Fort Worth International",2608.00,542.00,297.01,59.79,103.86,1.68,79.66,3.00,4.00,35758.00,22739.00,4107.00,4431.00,48.00,4433.00
2024,9,UA,United Air Lines Network,DFW,"Dallas/Fort Worth, TX: Dallas/Fort Worth International",744.00,110.00,34.47,1.93,44.79,0.00,28.82,0.00,2.00,4322.00,1224.00,82.00,1290.00,0.00,1726.00
2024,9,YV,Mesa Airlines Inc.,DFW,"Dallas/Fort Worth, TX: Dallas/Fort Worth International",178.00,35.00,9.60,0.00,16.21,0.00,9.19,0.00,0.00,2414.00,725.00,0.00,547.00,0.00,1142.00
2024,9,YX,Republic Airline,DFW,"Dallas/Fort Worth, TX: Dallas/Fort Worth International",1.00,0.00,0.00,0.00,0.00,0.00,0.00,0.00,0.00,0.00,0.00,0.00,0.00,0.00,0.00
2024,8,AA,American Airlines Network,DFW,"Dallas/Fort Worth, TX: Dallas/Fort Worth International",14274.00,3519.00,1033.96,133.11,525.16,10.95,1815.82,204.00,19.00,357076.00,122038.00,14004.00,22755.00,540.00,197739.00
2024,8,AS,Alaska Airlines Network,DFW,"Dallas/Fort Worth, TX: Dallas/Fort Worth International",243.00,86.00,17.38,0.26,42.82,0.00,25.53,1.00,0.00,3847.00,928.00,47.00,1627.00,0.00,1245.00
2024,8,B6,JetBlue Airways,DFW,"Dallas/Fort Worth, TX: Dallas/Fort Worth International",31.00,11.00,8.45,0.00,2.10,0.00,0.46,2.00,0.00,797.00,696.00,0.00,90.00,0.00,11.00
2024,8,DL,Delta Air Lines Network,DFW,"Dallas/Fort Worth, TX: Dallas/Fort Worth International",1081.00,234.00,111.64,7.67,60.06,0.00,54.63,12.00,0.00,14246.00,7378.00,459.00,2575.00,0.00,3834.00
2024,8,F9,Frontier Airlines,DFW,"Dallas/Fort Worth, TX: Dallas/Fort Worth International",960.00,357.00,66.00,5.70,107.91,0.00,177.38,23.00,0.00,24753.00,5418.00,486.00,4712.00,0.00,14137.00
2024,8,MQ,Envoy Air,DFW,"Dallas/Fort Worth, TX: Dallas/Fort Worth International",6546.00,960.00,233.11,26.98,213.30,0.86,485.74,9.00,1.00,65100.00,21968.00,2151.00,7784.00,25.00,33172.00
2024,8,NK,Spirit Airlines,DFW,"Dallas/Fort Worth, TX: Dallas/Fort Worth International",1017.00,287.00,71.52,7.78,127.99,2.26,77.45,14.00,0.00,20916.00,5492.00,751.00,7631.00,64.00,6978.00
2024,8,OH,PSA Airlines Inc.,DFW,"Dallas/Fort Worth, TX: Dallas/Fort Worth International",880.00,147.00,44.99,6.85,16.46,0.07,78.63,6.00,0.00,16863.00,5817.00,767.00,614.00,16.00,9649.00
2024,8,OO,SkyWest Airlines Inc.,DFW,"Dallas/Fort Worth, TX: Dallas/Fort Worth International",2172.00,329.00,203.86,37.49,34.21,0.88,52.56,1.00,4.00,30349.00,21850.00,3040.00,1603.00,22.00,3834.00
2024,8,UA,United Air Lines Network,DFW,"Dallas/Fort Worth, TX: Dallas/Fort Worth International",687.00,176.00,62.84,7.36,43.61,0.00,62.18,14.00,0.00,13173.00,4463.00,1331.00,2236.00,0.00,5143.00
2024,8,YV,Mesa Airlines Inc.,DFW,"Dallas/Fort Worth, TX: Dallas/Fort Worth International",214.00,45.00,25.90,1.78,3.08,0.00,14.24,0.00,0.00,3844.00,1910.00,147.00,152.00,0.00,1635.00
2024,8,YX,Republic Airline,DFW,"Dallas/Fort Worth, TX: Dallas/Fort Worth International",10.00,3.00,0.29,0.00,1.25,0.00,1.46,0.00,0.00,121.00,10.00,0.00,60.00,0.00,51.00
2024,7,AA,American Airlines Network,DFW,"Dallas/Fort Worth, TX: Dallas/Fort Worth International",15201.00,5023.00,1355.87,182.22,884.84,11.95,2588.13,263.00,43.00,500282.00,163591.00,16889.00,40092.00,557.00,279153.00
2024,7,AS,Alaska Airlines Network,DFW,"Dallas/Fort Worth, TX: Dallas/Fort Worth International",244.00,75.00,23.76,1.29,27.67,0.00,22.28,4.00,0.00,2892.00,978.00,64.00,1026.00,0.00,824.00
2024,7,B6,JetBlue Airways,DFW,"Dallas/Fort Worth, TX: Dallas/Fort Worth International",31.00,13.00,5.04,0.00,6.26,0.00,1.70,0.00,0.00,637.00,322.00,0.00,214.00,0.00,101.00
2024,7,DL,Delta Air Lines Network,DFW,"Dallas/Fort Worth, TX: Dallas/Fort Worth International",1061.00,335.00,144.41,5.68,101.79,0.00,83.12,72.00,4.00,27973.00,16125.00,800.00,4661.00,0.00,6387.00
2024,7,F9,Frontier Airlines,DFW,"Dallas/Fort Worth, TX: Dallas/Fort Worth International",975.00,409.00,90.19,6.63,123.65,0.00,188.54,53.00,1.00,30495.00,8695.00,490.00,5887.00,0.00,15423.00
2024,7,MQ,Envoy Air,DFW,"Dallas/Fort Worth, TX: Dallas/Fort Worth International",6885.00,1936.00,377.22,99.90,396.34,9.34,1053.20,62.00,8.00,128370.00,31137.00,7079.00,17077.00,251.00,72826.00
2024,7,NK,Spirit Airlines,DFW,"Dallas/Fort Worth, TX: Dallas/Fort Worth International",1052.00,391.00,99.14,11.06,161.60,3.28,115.92,35.00,1.00,33743.00,9693.00,728.00,11391.00,164.00,11767.00
2024,7,OH,PSA Airlines Inc.,DFW,"Dallas/Fort Worth, TX: Dallas/Fort Worth International",816.00,227.00,57.36,15.40,36.35,0.88,117.01,32.00,3.00,28600.00,10511.00,1220.00,2039.00,27.00,14803.00
2024,7,OO,SkyWest Airlines Inc.,DFW,"Dallas/Fort Worth, TX: Dallas/Fort Worth International",2115.00,451.00,192.80,93.33,118.36,3.65,42.86,11.00,5.00,41717.00,24008.00,10502.00,5001.00,145.00,2061.00
2024,7,UA,United Air Lines Network,DFW,"Dallas/Fort Worth, TX: Dallas/Fort Worth International",691.00,220.00,68.94,12.25,56.36,0.00,82.45,25.00,2.00,17655.00,5094.00,1509.00,2655.00,0.00,8397.00
2024,7,YV,Mesa Airlines Inc.,DFW,"Dallas/Fort Worth, TX: Dallas/Fort Worth International",209.00,86.00,33.46,2.63,15.96,0.00,33.95,20.00,1.00,8475.00,3086.00,633.00,1104.00,0.00,3652.00
2024,7,YX,Republic Airline,DFW,"Dallas/Fort Worth, TX: Dallas/Fort Worth International",9.00,2.00,0.00,0.00,1.22,0.00,0.78,0.00,0.00,33.00,0.00,0.00,19.00,0.00,14.00
2024,6,YV,Mesa Airlines Inc.,DFW,"Dallas/Fort Worth, TX: Dallas/Fort Worth International",179.00,63.00,28.59,3.46,14.47,0.00,16.48,3.00,2.00,4722.00,1917.00,377.00,676.00,0.00,1752.00
2024,6,YX,Republic Airline,DFW,"Dallas/Fort Worth, TX: Dallas/Fort Worth International",2.00,0.00,0.00,0.00,0.00,0.00,0.00,0.00,0.00,0.00,0.00,0.00,0.00,0.00,0.00
2024,6,MQ,Envoy Air,DFW,"Dallas/Fort Worth, TX: Dallas/Fort Worth International",6544.00,1670.00,351.88,125.82,264.22,8.34,919.74,84.00,19.00,121722.00,29334.00,12548.00,14630.00,318.00,64892.00
2024,6,NK,Spirit Airlines,DFW,"Dallas/Fort Worth, TX: Dallas/Fort Worth International",898.00,238.00,61.79,6.51,106.21,2.57,60.92,9.00,5.00,15230.00,3239.00,434.00,6900.00,124.00,4533.00
2024,6,OH,PSA Airlines Inc.,DFW,"Dallas/Fort Worth, TX: Dallas/Fort Worth International",707.00,147.00,34.09,19.00,18.12,0.84,74.95,10.00,3.00,21183.00,5772.00,2125.00,1159.00,18.00,12109.00
2024,6,OO,SkyWest Airlines Inc.,DFW,"Dallas/Fort Worth, TX: Dallas/Fort Worth International",1923.00,355.00,190.26,74.73,46.94,2.77,40.29,17.00,11.00,38055.00,22277.00,9386.00,3514.00,120.00,2758.00
2024,6,UA,United Air Lines Network,DFW,"Dallas/Fort Worth, TX: Dallas/Fort Worth International",693.00,180.00,51.34,9.88,43.54,0.00,75.23,8.00,3.00,14583.00,3271.00,2126.00,1791.00,0.00,7395.00
2024,6,AA,American Airlines Network,DFW,"Dallas/Fort Worth, TX: Dallas/Fort Worth International",14670.00,4212.00,1098.72,247.86,801.04,12.83,2051.55,358.00,88.00,409579.00,130710.00,25474.00,38838.00,512.00,214045.00
2024,6,AS,Alaska Airlines Network,DFW,"Dallas/Fort Worth, TX: Dallas/Fort Worth International",235.00,66.00,12.88,0.00,27.20,1.00,24.92,2.00,5.00,2219.00,482.00,0.00,924.00,17.00,796.00
2024,6,B6,JetBlue Airways,DFW,"Dallas/Fort Worth, TX: Dallas/Fort Worth International",30.00,13.00,7.80,0.00,2.29,0.00,2.91,0.00,1.00,1151.00,669.00,0.00,122.00,0.00,360.00
2024,6,DL,Delta Air Lines Network,DFW,"Dallas/Fort Worth, TX: Dallas/Fort Worth International",986.00,223.00,90.82,5.71,63.10,0.00,63.37,1.00,8.00,14191.00,6320.00,568.00,2901.00,0.00,4402.00
2024,6,F9,Frontier Airlines,DFW,"Dallas/Fort Worth, TX: Dallas/Fort Worth International",997.00,430.00,88.16,4.47,136.06,0.00,201.31,49.00,5.00,34722.00,9700.00,333.00,6878.00,0.00,17811.00
2024,5,MQ,Envoy Air,DFW,"Dallas/Fort Worth, TX: Dallas/Fort Worth International",6007.00,1941.00,334.23,253.03,552.87,3.55,797.33,334.00,45.00,180741.00,32882.00,39405.00,38322.00,99.00,70033.00
2024,5,NK,Spirit Airlines,DFW,"Dallas/Fort Worth, TX: Dallas/Fort Worth International",897.00,349.00,57.86,8.90,213.89,0.91,67.44,21.00,15.00,29564.00,4273.00,380.00,19231.00,44.00,5636.00
2024,5,OH,PSA Airlines Inc.,DFW,"Dallas/Fort Worth, TX: Dallas/Fort Worth International",823.00,247.00,45.37,36.02,64.78,0.01,100.82,43.00,11.00,27670.00,4219.00,5977.00,4407.00,3.00,13064.00
2024,5,OO,SkyWest Airlines Inc.,DFW,"Dallas/Fort Worth, TX: Dallas/Fort Worth International",1738.00,402.00,193.98,119.06,58.95,0.00,30.02,105.00,7.00,53309.00,22021.00,20207.00,8087.00,0.00,2994.00
2024,5,UA,United Air Lines Network,DFW,"Dallas/Fort Worth, TX: Dallas/Fort Worth International",690.00,271.00,64.33,17.26,105.81,0.00,83.60,18.00,9.00,25812.00,4718.00,2641.00,8672.00,0.00,9781.00
2024,5,YV,Mesa Airlines Inc.,DFW,"Dallas/Fort Worth, TX: Dallas/Fort Worth International",194.00,92.00,29.16,7.95,30.74,0.00,24.15,17.00,2.00,9971.00,3077.00,1109.00,2690.00,0.00,3095.00
2024,5,YX,Republic Airline,DFW,"Dallas/Fort Worth, TX: Dallas/Fort Worth International",1.00,0.00,0.00,0.00,0.00,0.00,0.00,0.00,0.00,0.00,0.00,0.00,0.00,0.00,0.00
2024,5,AA,American Airlines Network,DFW,"Dallas/Fort Worth, TX: Dallas/Fort Worth International",14604.00,5115.00,1010.42,325.41,1685.74,9.34,2084.08,1135.00,192.00,589332.00,141366.00,64550.00,139958.00,411.00,243047.00
2024,5,AS,Alaska Airlines Network,DFW,"Dallas/Fort Worth, TX: Dallas/Fort Worth International",217.00,67.00,19.85,1.99,32.26,0.00,12.90,5.00,3.00,4041.00,1190.00,186.00,2037.00,0.00,628.00
2024,5,B6,JetBlue Airways,DFW,"Dallas/Fort Worth, TX: Dallas/Fort Worth International",31.00,12.00,4.91,0.00,5.70,0.00,1.40,0.00,0.00,1227.00,377.00,0.00,696.00,0.00,154.00
2024,5,DL,Delta Air Lines Network,DFW,"Dallas/Fort Worth, TX: Dallas/Fort Worth International",1025.00,385.00,114.50,4.18,193.39,0.00,72.93,3.00,14.00,31300.00,10238.00,1217.00,12891.00,0.00,6954.00
2024,5,F9,Frontier Airlines,DFW,"Dallas/Fort Worth, TX: Dallas/Fort Worth International",1071.00,497.00,82.03,6.86,189.89,0.00,218.23,60.00,7.00,46760.00,9363.00,1507.00,15275.00,0.00,20615.00
2024,4,AA,American Airlines Network,DFW,"Dallas/Fort Worth, TX: Dallas/Fort Worth International",13269.00,3343.00,700.26,210.08,985.45,8.41,1438.80,270.00,77.00,312907.00,79064.00,30134.00,67816.00,280.00,135613.00
2024,4,OH,PSA Airlines Inc.,DFW,"Dallas/Fort Worth, TX: Dallas/Fort Worth International",824.00,215.00,30.52,30.65,60.28,0.29,93.25,40.00,3.00,32108.00,5565.00,7332.00,4129.00,10.00,15072.00
2024,4,OO,SkyWest Airlines Inc.,DFW,"Dallas/Fort Worth, TX: Dallas/Fort Worth International",1648.00,357.00,115.02,87.78,106.74,2.00,45.46,52.00,6.00,41333.00,18340.00,12817.00,6354.00,249.00,3573.00
2024,4,F9,Frontier Airlines,DFW,"Dallas/Fort Worth, TX: Dallas/Fort Worth International",906.00,325.00,78.25,5.43,83.81,0.00,157.51,31.00,0.00,29447.00,6998.00,770.00,4646.00,0.00,17033.00
2024,4,UA,United Air Lines Network,DFW,"Dallas/Fort Worth, TX: Dallas/Fort Worth International",639.00,162.00,48.16,3.90,72.25,0.00,37.69,7.00,3.00,9846.00,2690.00,458.00,3183.00,0.00,3515.00
2024,4,YV,Mesa Airlines Inc.,DFW,"Dallas/Fort Worth, TX: Dallas/Fort Worth International",195.00,66.00,16.18,1.60,27.49,0.00,20.73,4.00,2.00,6570.00,962.00,489.00,1502.00,0.00,3617.00
2024,4,YX,Republic Airline,DFW,"Dallas/Fort Worth, TX: Dallas/Fort Worth International",5.00,1.00,1.00,0.00,0.00,0.00,0.00,0.00,1.00,24.00,24.00,0.00,0.00,0.00,0.00
2024,4,AS,Alaska Airlines Network,DFW,"Dallas/Fort Worth, TX: Dallas/Fort Worth International",166.00,52.00,15.59,2.06,22.52,0.56,11.27,1.00,0.00,2558.00,731.00,402.00,952.00,14.00,459.00
2024,4,B6,JetBlue Airways,DFW,"Dallas/Fort Worth, TX: Dallas/Fort Worth International",30.00,9.00,1.53,0.00,5.63,0.74,1.10,1.00,0.00,449.00,73.00,0.00,308.00,20.00,48.00
2024,4,MQ,Envoy Air,DFW,"Dallas/Fort Worth, TX: Dallas/Fort Worth International",5670.00,1208.00,191.01,148.07,342.02,4.17,522.72,157.00,24.00,102571.00,19368.00,20495.00,20091.00,153.00,42464.00
2024,4,NK,Spirit Airlines,DFW,"Dallas/Fort Worth, TX: Dallas/Fort Worth International",755.00,172.00,36.51,2.26,94.09,3.00,36.13,9.00,3.00,12822.00,2087.00,199.00,6866.00,71.00,3599.00
2024,4,DL,Delta Air Lines Network,DFW,"Dallas/Fort Worth, TX: Dallas/Fort Worth International",991.00,277.00,97.48,4.97,127.84,0.00,46.71,5.00,3.00,16538.00,6487.00,479.00,6111.00,0.00,3461.00
2024,3,MQ,Envoy Air,DFW,"Dallas/Fort Worth, TX: Dallas/Fort Worth International",6051.00,1215.00,203.56,127.46,362.88,2.30,518.80,118.00,15.00,87829.00,17366.00,17246.00,16028.00,46.00,37143.00
2024,3,NK,Spirit Airlines,DFW,"Dallas/Fort Worth, TX: Dallas/Fort Worth International",829.00,294.00,54.28,3.71,167.28,5.71,63.03,15.00,5.00,18562.00,3625.00,369.00,9148.00,201.00,5219.00
2024,3,AA,American Airlines Network,DFW,"Dallas/Fort Worth, TX: Dallas/Fort Worth International",14026.00,3651.00,833.72,199.53,988.46,14.36,1614.92,237.00,81.00,361570.00,101714.00,24485.00,49334.00,672.00,185365.00
2024,3,F9,Frontier Airlines,DFW,"Dallas/Fort Worth, TX: Dallas/Fort Worth International",782.00,275.00,66.91,3.16,68.99,0.00,135.94,27.00,3.00,24723.00,5750.00,179.00,4228.00,0.00,14566.00
2024,3,AS,Alaska Airlines Network,DFW,"Dallas/Fort Worth, TX: Dallas/Fort Worth International",155.00,33.00,8.68,0.00,17.57,0.00,6.75,1.00,2.00,1199.00,365.00,0.00,545.00,0.00,289.00
2024,3,B6,JetBlue Airways,DFW,"Dallas/Fort Worth, TX: Dallas/Fort Worth International",31.00,13.00,7.45,0.00,3.59,0.00,1.96,0.00,1.00,839.00,475.00,0.00,114.00,0.00,250.00
2024,3,OH,PSA Airlines Inc.,DFW,"Dallas/Fort Worth, TX: Dallas/Fort Worth International",821.00,152.00,21.66,21.74,34.87,0.50,73.23,19.00,6.00,17705.00,3783.00,3067.00,1737.00,34.00,9084.00
2024,3,OO,SkyWest Airlines Inc.,DFW,"Dallas/Fort Worth, TX: Dallas/Fort Worth International",1206.00,241.00,114.38,72.03,34.18,2.00,18.41,35.00,3.00,27404.00,12340.00,11156.00,2980.00,64.00,864.00
2024,3,DL,Delta Air Lines Network,DFW,"Dallas/Fort Worth, TX: Dallas/Fort Worth International",1002.00,192.00,74.39,1.55,71.84,0.00,44.22,1.00,9.00,11630.00,5320.00,55.00,3316.00,0.00,2939.00
2024,3,UA,United Air Lines Network,DFW,"Dallas/Fort Worth, TX: Dallas/Fort Worth International",659.00,151.00,47.38,4.04,60.36,0.00,39.21,3.00,6.00,8750.00,2247.00,456.00,2580.00,0.00,3467.00
2024,3,YV,Mesa Airlines Inc.,DFW,"Dallas/Fort Worth, TX: Dallas/Fort Worth International",168.00,62.00,20.06,1.60,14.55,0.00,25.79,4.00,0.00,5141.00,1391.00,230.00,581.00,0.00,2939.00
2024,3,YX,Republic Airline,DFW,"Dallas/Fort Worth, TX: Dallas/Fort Worth International",2.00,0.00,0.00,0.00,0.00,0.00,0.00,0.00,0.00,0.00,0.00,0.00,0.00,0.00,0.00
2024,2,AA,American Airlines Network,DFW,"Dallas/Fort Worth, TX: Dallas/Fort Worth International",12582.00,2281.00,632.88,56.48,707.50,7.98,876.16,12.00,7.00,184646.00,77509.00,5790.00,22056.00,343.00,78948.00
2024,2,DL,Delta Air Lines Network,DFW,"Dallas/Fort Worth, TX: Dallas/Fort Worth International",923.00,110.00,42.57,2.23,37.77,0.00,27.43,3.00,2.00,5279.00,2227.00,163.00,1089.00,0.00,1800.00
2024,2,MQ,Envoy Air,DFW,"Dallas/Fort Worth, TX: Dallas/Fort Worth International",5064.00,642.00,139.27,31.78,270.57,3.15,197.22,1.00,1.00,35923.00,9833.00,3973.00,7829.00,113.00,14175.00
2024,2,NK,Spirit Airlines,DFW,"Dallas/Fort Worth, TX: Dallas/Fort Worth International",725.00,150.00,41.61,1.05,70.08,2.44,34.82,2.00,1.00,8165.00,2700.00,41.00,2753.00,125.00,2546.00
2024,2,OH,PSA Airlines Inc.,DFW,"Dallas/Fort Worth, TX: Dallas/Fort Worth International",644.00,99.00,23.46,8.99,20.48,0.50,45.57,0.00,0.00,6590.00,1994.00,522.00,663.00,8.00,3403.00
2024,2,OO,SkyWest Airlines Inc.,DFW,"Dallas/Fort Worth, TX: Dallas/Fort Worth International",1448.00,256.00,137.72,39.31,33.11,3.39,42.47,13.00,2.00,25626.00,16092.00,4719.00,1667.00,211.00,2937.00
2024,2,UA,United Air Lines Network,DFW,"Dallas/Fort Worth, TX: Dallas/Fort Worth International",607.00,104.00,35.99,1.53,30.26,0.00,36.22,4.00,1.00,6295.00,1835.00,122.00,1323.00,0.00,3015.00
2024,2,YX,Republic Airline,DFW,"Dallas/Fort Worth, TX: Dallas/Fort Worth International",7.00,3.00,1.64,0.00,1.07,0.00,0.29,0.00,1.00,300.00,98.00,0.00,155.00,0.00,47.00
2024,2,AS,Alaska Airlines Network,DFW,"Dallas/Fort Worth, TX: Dallas/Fort Worth International",145.00,29.00,9.07,1.22,15.70,0.00,3.01,0.00,0.00,1084.00,537.00,39.00,425.00,0.00,83.00
2024,2,B6,JetBlue Airways,DFW,"Dallas/Fort Worth, TX: Dallas/Fort Worth International",29.00,9.00,0.90,1.00,6.41,0.00,0.69,0.00,0.00,498.00,79.00,87.00,190.00,0.00,142.00
2024,2,F9,Frontier Airlines,DFW,"Dallas/Fort Worth, TX: Dallas/Fort Worth International",502.00,79.00,13.44,1.23,24.66,0.00,39.68,1.00,0.00,5080.00,778.00,48.00,780.00,0.00,3474.00
2024,2,YV,Mesa Airlines Inc.,DFW,"Dallas/Fort Worth, TX: Dallas/Fort Worth International",155.00,36.00,10.68,0.37,11.36,0.00,13.59,2.00,0.00,3094.00,784.00,11.00,338.00,0.00,1961.00
2024,1,AA,American Airlines Network,DFW,"Dallas/Fort Worth, TX: Dallas/Fort Worth International",13036.00,4076.00,856.61,224.95,1300.94,14.66,1678.84,263.00,31.00,408521.00,125584.00,29299.00,66645.00,517.00,186476.00
2024,1,UA,United Air Lines Network,DFW,"Dallas/Fort Worth, TX: Dallas/Fort Worth International",610.00,178.00,54.06,5.01,61.03,0.00,57.89,19.00,1.00,11899.00,2920.00,659.00,3245.00,0.00,5075.00
2024,1,AS,Alaska Airlines Network,DFW,"Dallas/Fort Worth, TX: Dallas/Fort Worth International",155.00,37.00,10.61,3.00,10.54,0.00,12.85,24.00,0.00,2426.00,1244.00,171.00,388.00,0.00,623.00
2024,1,NK,Spirit Airlines,DFW,"Dallas/Fort Worth, TX: Dallas/Fort Worth International",745.00,260.00,51.91,4.15,142.38,6.14,55.43,15.00,0.00,17968.00,3689.00,530.00,8155.00,222.00,5372.00
2024,1,OH,PSA Airlines Inc.,DFW,"Dallas/Fort Worth, TX: Dallas/Fort Worth International",695.00,206.00,24.86,20.70,61.50,0.87,98.08,40.00,0.00,18680.00,2314.00,2077.00,2779.00,17.00,11493.00
2024,1,YV,Mesa Airlines Inc.,DFW,"Dallas/Fort Worth, TX: Dallas/Fort Worth International",173.00,60.00,19.09,0.94,14.75,0.00,25.21,9.00,2.00,6410.00,2758.00,120.00,739.00,0.00,2793.00
2024,1,YX,Republic Airline,DFW,"Dallas/Fort Worth, TX: Dallas/Fort Worth International",3.00,1.00,1.00,0.00,0.00,0.00,0.00,0.00,0.00,17.00,17.00,0.00,0.00,0.00,0.00
2024,1,B6,JetBlue Airways,DFW,"Dallas/Fort Worth, TX: Dallas/Fort Worth International",31.00,7.00,3.77,0.00,2.84,0.00,0.39,1.00,0.00,346.00,134.00,0.00,187.00,0.00,25.00
2024,1,F9,Frontier Airlines,DFW,"Dallas/Fort Worth, TX: Dallas/Fort Worth International",471.00,133.00,30.80,2.95,41.10,0.00,58.15,4.00,1.00,10331.00,3063.00,489.00,1626.00,0.00,5153.00
2024,1,OO,SkyWest Airlines Inc.,DFW,"Dallas/Fort Worth, TX: Dallas/Fort Worth International",1720.00,479.00,232.38,101.57,81.16,3.44,60.45,111.00,1.00,54002.00,25872.00,16474.00,7601.00,93.00,3962.00
2024,1,DL,Delta Air Lines Network,DFW,"Dallas/Fort Worth, TX: Dallas/Fort Worth International",979.00,286.00,98.09,9.90,114.70,0.00,63.31,9.00,5.00,21416.00,8083.00,1188.00,6350.00,0.00,5795.00
2024,1,MQ,Envoy Air,DFW,"Dallas/Fort Worth, TX: Dallas/Fort Worth International",5143.00,1415.00,222.14,166.96,428.73,4.49,592.69,208.00,5.00,113714.00,18494.00,21928.00,23182.00,155.00,49955.00
